assembly_id,serial,version,date,category_id,notes
87,1,3.1.0,2012-01-18,50,
55,1,1.0.1,2011-07-07,50,hand-built / Andrew
53,1,3.0.0,2011-04-18,50,
101,1,1,2010-11-16,50,"Not Labeled, Original built Per Todd"
97,1,2.1.0,2010-04-07,50,Unmarked
103,1,3.1.1,2010-03-26,50,
88,1,5.1.0,2010-03-10,50,
75,1,7.5.0,2009-11-18,53,
102,1,1.1.0,2009-11-09,50,
51,1,2.1.0,2009-08-10,50,
96,1,4.1.0,2009-08-01,50,
76,1,4.0.0,,51,
80,1,1.0.0,,50,
23,1,1.0.4,,52,
85,1,1.0.0,,53,
86,1,1.0.0,,53,
35,1,2.1.0,,53,
98,1,4.1.0,,50,
104,1,3.1.0,,50,
76,2,1.0.0,2017-03-15,50,
18,2,2.0.0,2016-07-27,53,
92,2,,2012-01-18,50,
87,2,3.1.0,2011-08-15,50,To replace damaged HP from DVSD insident
55,2,1,2011-04-19,53,hand-built / Andrew
103,2,,2011-03-27,50,With Bill Kappauf
97,2,2.1.0,2010-11-30,50,Due to Bourns HP Failure
101,2,1,2010-11-16,50,"Not Labeled, Original built Per Todd"
102,2,1.1.0,2010-04-15,50,
104,2,3.2.0,2009-10-01,50,
75,2,7.6.0,,53,
80,2,1.0.0,,50,
23,2,1.0.4,,53,
85,2,1.0.0,,53,
86,2,1.0.0,,53,
92,2,6.1.1,,53,
35,2,2.1.0,,53,
51,2,2.1.0,,53,
53,2,3.1.0,,53,
98,2,4.1.0,,53,
18,3,2.0.0,2016-07-27,53,
86,3,1.0.0,2013-02-08,53,
55,3,2.1.0,2011-04-19,50,hand-built / Andrew
103,3,3.1.2,2011-03-27,50,Available in-house inventory
97,3,2.1.0,2010-09-15,50,For System #2
80,3,1.0.0,2010-07-01,50,
102,3,1.1.0,2010-06-18,50,
75,3,7.6.0,2010-05-05,50,
87,3,3.1.0,2010-03-25,53,
23,3,1.0.4,,53,
85,3,1.0.0,,53,
35,3,2.1.0,,53,
96,3,4.1.0,,50,One board marked with 001 and 005 (it is now 005 and a sp4)
52,3,1.2.0,,53,
53,3,3.1.0,,53,
98,3,4.1.0,,51,
100,3,3,,50,actual date sent unknown
104,3,3.1.0,,53,NEW EPROM MANU.! (cat24c64wi-g)
18,4,2.0.1,2016-10-04,50,
86,4,1.0.0,2013-02-08,53,
55,4,1,2011-04-19,53,hand-built / Andrew
75,4,7.7.1,2011-03-30,50,
103,4,3.1.2,2011-03-27,50,Available in-house inventory
49,4,3.0.0,2010-08-03,50,
97,4,2.1.0,2010-07-27,50,
80,4,1.0.0,2010-07-01,50,
87,4,3.1.0,2010-06-18,53,
96,4,4.1.0,2009-08-01,50,
104,4,3.1.0,2009-07-16,50,
40,4,,2009-05-12,50,
23,4,1.0.4,,51,
85,4,1.0.0,,53,
35,4,2.1.0,,53,
51,4,2.1.0,,53,
53,4,3.1.0,,53,
98,4,4.1.0,,53,
100,4,3,,50,actual date sent unknown
18,5,2.0.1,2016-10-04,50,
87,5,3.2.0,2013-10-16,50,
86,5,1.0.0,2013-02-08,53,
56,5,1.12.0,2012-12-31,50,Upgrade
97,5,2.1.0,2011-10-17,50,Per Gordon
55,5,1.10.0,2011-09-13,50,SOA System
103,5,3.1.2,2011-03-27,50,Available in-house inventory
49,5,3.1.0,2010-10-20,50,Per Todd
75,5,7.7.1,2010-04-24,53,
51,5,2.1.0,2010-03-01,50,
83,5,4.4.0 1600V,2009-09-04,50,
104,5,3.2.0,2009-08-01,50,
80,5,1.0.0,,53,
85,5,1.0.0,,50,
35,5,2.1.0,,53,
95,5,5.3.0,,50,
96,5,4.1.0,,50,After damage
53,5,3.1.0,,53,
98,5,4.1.0,,53,
101,5,1,,50,actual date sent unknown
18,6,2.0.1,2019-01-10,54,
26,6,4.0.0,2015-04-15,50,
86,6,1.0.0,2013-02-08,53,
56,6,1.12.0,2012-08-23,50,
83,6,4.4.0 1600v,2012-04-20,50,
64,6,4.0.0,2011-11-09,50,
102,6,1.2.0,2011-09-16,50,
49,6,3.1.0,2010-11-05,50,Built on Perf Board(Todd)
97,6,1.1.0?,2010-09-25,50,
52,6,2.90.0,2010-09-20,50,
104,6,3.4.0:2.0.0.0,2010-09-10,50,
80,6,1.0.0,2010-07-01,50,
74,6,8.0.1,2010-05-06,53,
40,6,2.2.0,2009-07-16,50,
85,6,1.0.0,,53,
35,6,2.1.0,,53,
96,6,4.1.1,,50,
53,6,3.1.0,,53,
98,6,4.1.0,,53,
55,6,1.0.2,,52,
101,6,1,,50,actual date sent unknown
18,7,2.0.1,2019-01-10,49,
45,7,2.0.0,2017-06-17,50,
26,7,4.0.0,2015-04-15,49,
35,7,2.1.1,2014-04-15,53,
86,7,1.0.0,2013-02-08,53,
56,7,1.12.0,2012-08-17,50,SOA System
55,7,1.11.0,2012-03-08,50,SOA System replacement for broken SOA board
97,7,2.1.0,2011-10-17,50,Per Gordon
49,7,3.1.0,2011-02-18,50,Available inventory (Todd)
104,7,3.4.1.2,2010-12-07,50,
80,7,1.0.0,2010-07-01,50,
74,7,8.0.1,2010-05-21,53,
96,7,4.1.1,2010-03-01,50,
40,7,2.3.0,2009-11-24,50,
83,7,4.3.0,2009-08-01,53,
51,7,2.1.0,2009-08-01,50,
84,7,2.0.0,,50,
53,7,3.1.0,,53,
98,7,4.1.0,,49,
101,7,1,,50,actual date sent unknown
64,7,4,,50,
18,8,2.0.1,2019-01-10,52,
45,8,2.0.0,2017-06-17,53,
26,8,4.0.0,2015-04-15,50,
35,8,2.1.1,2014-04-17,53,
86,8,1.0.0,2013-02-08,53,
55,8,1.2.1,2012-06-22,50,
74,8,8.0.1,2011-03-21,50,With Erwin to Minila
49,8,3.1.0,2011-02-25,50,Left with Gordon on 3/5/11
104,8,3.4.2.6,2011-02-25,50,
97,8,2.1.0,2010-11-29,50,
40,8,2.3.0,2009-11-24,50,
92,8,3.4.0,2009-11-10,50,
83,8,4.4.0 1600V,2009-10-23,53,
83,8,4.4.0 1600V,2009-05-01,53,
80,8,1.0.0,,53,
85,8,1.0.0,,53,
90,8,3.2.1,,53,
95,8,5.2.0,,53,
96,8,4.1.0,,50,Has added connector for TMU signals
51,8,2.1.0,,50,
53,8,3.1.0,,53,
98,8,4.1.0,,53,
101,8,1,,50,actual date sent unknown
64,8,4.1.0,,50,
18,9,2.0.1,2019-01-10,54,
45,9,2.0.0,2017-07-24,53,
26,9,4.0.0,2015-04-15,53,
35,9,2.1.1,2014-04-17,53,
104,9,3.4.2.6,2013-04-10,50,
86,9,1.0.0,2013-02-08,53,
55,9,1.2.1,2012-06-22,50,
102,9,1.2.0.0.0,2011-06-24,50,
49,9,3.1.1,2011-03-30,50,Available inventory (Todd)
90,9,3.2.1,2011-03-24,50,
52,9,2.91.0,2011-02-25,50,
97,9,2.1.0,2010-11-29,50,
80,9,1.0.0,2010-08-10,50,
74,9,8.0.1,2010-06-01,53,
96,9,4.1.0,2010-03-26,50,
40,9,2.3.0,2009-11-24,50,
83,9,3.4.0,2009-08-01,53,
83,9,3.4.0,,53,
85,9,1.0.0,,53,
92,9,3.4.0,,53,
95,9,5.2.0,,50,
53,9,3.1.0,,53,
98,9,4.1.0,,52,
101,9,1,,50,actual date sent unknown
18,10,2.0.1,2019-01-10,54,
98,10,4.1.0,2017-08-08,53,
45,10,2.0.0,2017-07-24,53,
84,10,2.0.0,2015-08-05,50,
53,10,3.1.0,2015-07-06,53,
26,10,4.0.0,2015-04-15,49,
35,10,2.1.1,2014-04-21,53,
74,10,8.0.2,2013-06-13,50,Note!!! Has QVI Muxing
86,10,1.0.0,2013-02-08,53,
55,10,1.2.0,2012-11-07,50,
64,10,4.1.0,2011-12-29,50,
49,10,3.1.0,2011-03-15,53,Available inventory (Todd)
97,10,2.1.0,2010-11-29,50,
80,10,1.0.0,2010-08-05,50,
51,10,2.1.0,2010-05-06,50,
96,10,4.1.0,2010-04-14,50,
40,10,2.3.0,2009-12-09,50,
82,10,5.1.0,2009-08-01,53,
92,10,3.4.0,2009-06-01,50,
76,10,4.0.0,,53,
24,10,2.0.0,,53,
90,10,3.2.1,,50,
95,10,5.2.0,,50,
101,10,1,,50,actual date sent unknown
104,10,3.4.0,,53,
26,11,4.0.0,2017-12-22,49,
45,11,2.0.0,2017-12-19,50,
53,11,3.1.0,2015-07-06,53,
35,11,2.3.0,2014-07-18,53,
55,11,1.4.0,2014-01-01,50,LDNA demo
86,11,1.0.0,2013-02-08,53,
74,11,8.0.2,2011-04-07,50,
52,11,2.95.2,2011-03-30,50,
40,11,2.3.0,2011-03-10,50,
104,11,1.2.0,2011-02-21,50,Checked out ok.
97,11,2.1.0,2010-11-29,50,
80,11,1.0.0,2010-08-10,50,
44,11,5.1.0,2010-05-06,50,
90,11,3.2.1,2010-05-04,50,
92,11,3.4.0,2009-06-03,50,
76,11,4.0.0,,53,
83,11,4.4.0 1600V,,53,
24,11,2.0.0,,53,
84,11,2.0.0,,53,
49,11,3.1.1,,50,Eprom error 8/23/11
98,11,4.1.0,,54,
101,11,1,,50,actual date sent unknown
99,12,4.0.1,2019-07-01,54,
26,12,4.0.0,2017-12-22,53,
45,12,2.0.0,2017-12-20,53,
53,12,3.1.0,2015-07-06,50,
35,12,2.1.1,2014-07-18,53,
104,12,3.4.0.4,2013-03-01,50,System USB damaged after problem wafer test.
86,12,1.0.0,2013-02-08,53,
102,12,,2012-04-09,50,
52,12,2.95.1,2011-10-06,50,Configured for RG Slot 1
49,12,3.20.0,2011-06-10,53,Available inventory (Todd)
97,12,2.1.0,2010-12-15,50,For Quad Site testing
40,12,3.1.0.2.0.0.2,2010-10-11,50," (entered by Todd) 10/11/10 Options = 2,0,0,2"
74,12,8.0.2,2010-08-07,53,
80,12,1??,2010-05-24,50,
96,12,4.1.1,2010-05-04,50,
82,12,5.1.0,2010-03-01,53,
92,12,,2009-09-24,50,From Sensitron
76,12,4.0.0,,53,
24,12,2.0.0,,50,
84,12,2.0.0,,53,Rensas FL are now using this SN
98,12,4.1.0,,54,
101,12,1,,50,actual date sent unknown
26,13,4.0.0,2017-12-22,49,
45,13,2.0.0,2017-12-22,53,
53,13,3.1.0,2015-07-06,53,
35,13,2.1.1,2014-07-18,53,
104,13,3.4.2.6,2014-02-11,50,Built to 4.0.0 but software doesn't support
86,13,1.0.0,2013-02-08,53,
40,13,3.21.0-2.0.1.2,2012-02-27,50,
64,13,4.1.0,2011-12-29,50,
44,13,5.1.1,2011-10-06,50,
49,13,3.1.1,2011-08-23,50,Available inventory (Todd)
97,13,2.1.0,2010-12-17,50,Does not have Buffer rework for Measurment
80,13,1??,2010-05-24,50,
51,13,2.1.0,2010-05-20,50,
82,13,5.1.0,2010-03-01,50,
92,13,3.4.0,2009-09-04,50,
90,13,3.2.1,2009-08-06,50,
95,13,5.2.0,2009-06-03,50,
74,13,8.0.2,,53,
76,13,4.0.0,,48,
24,13,2.0.0,,53,
84,13,2.0.0,,53,
101,13,1,,53,
26,14,4.0.0,2017-12-27,53,
45,14,2.0.0,2017-12-22,53,
53,14,3.1.0,2015-07-06,53,
35,14,2.1.1,2014-07-18,53,
90,14,3.2.1,2013-05-21,58,Board repaired. 2N3904 Bjt current limit found damaged mechanically
86,14,1.0.0,2013-02-08,53,
82,14,5.50.1,2012-02-15,50,
64,14,4.1.0,2011-12-30,50,Shipped with DB #13
97,14,2.1.?,2011-08-20,50,"Ch3 blow up, Todd repaired and added 1500pF for stapility per  M.Jones"
40,14,3.20.0.0.0.0.0,2011-06-20,50,Shipped with Low Leakage Mux
49,14,3.20.0,2011-06-10,53,Available inventory (Todd)
52,14,2.91,2011-06-06,50,
74,14,8.0.3,2011-02-21,50,Upgraded per Samantha
24,14,2.0.0,,53,
84,14,2.0.0,,53,
95,14,5.2.0,,50,
44,14,5.1.0,,53,
101,14,1,,53,
65,14,4.0.0,,53,
26,15,4.0.0,2017-12-27,50,
45,15,2.0.0,2017-12-22,53,
53,15,3.1.0,2017-08-07,53,
84,15,2.0.0,2017-05-10,50,
35,15,2.1.1,2014-07-18,53,
86,15,1.0.0,2013-02-08,53,
92,15,3.4.2,2012-04-12,50,
97,15,2.1.0,2011-05-13,50,
80,15,1.0.0,2010-08-31,50,
44,15,5.1.1,2010-05-20,50,
82,15,5.1.0,2010-03-26,53,
95,15,5.2.0,2009-10-12,50,
24,15,2.0.0,,53,
40,15,3.1.0,,53,
51,15,2.1.1,,53,
49,15,3.20.0,,53,
100,15,3,,53,
65,15,4.0.0,,53,
45,16,2.0.0,2017-12-27,53,
53,16,3.1.0,2017-08-08,53,
64,16,4.1.0,2015-08-25,50,
65,16,4.0.0,2015-03-16,50,To replace the original UHV without DF isolation.
35,16,2.1.1,2014-07-18,53,
49,16,3.1.1,2013-07-12,50,
86,16,1.0.0,2013-02-13,53,
51,16,2.1.0,2011-04-07,50,
74,16,8.0.3,2011-03-18,50,Uses 37 pin Dsub cbits with eprom wired for 26pin dsub connections
80,16,1.0.0,2010-08-31,50,
82,16,5.1.0,2010-04-14,53,
95,16,,2009-01-09,50,
74,16,8.0.2,,53,
24,16,2.0.0,,53,
84,16,2.0.0,,53,
90,16,3.2.1,,53,
92,16,3.4.0,,50,
40,16,3.1.0,,53,
97,16,2.2.0,,53,
100,16,3,,53,
45,17,2.0.0,2017-12-27,53,
64,17,4.2.0,2016-07-01,50,
35,17,2.1.1,2015-07-17,53,
65,17,4.0.0,2015-03-01,50,
49,17,3.1.1,2013-08-12,50,
86,17,1.0.0,2013-02-13,53,
92,17,3.4.1,2012-03-15,50,"Has 3.4.1 ""High Side Inductor"""
40,17,3.20.0-2.0.0.1,2011-08-15,50,KV4 Replaced
52,17,2.91,2011-06-06,50,
80,17,1.0.0,2010-08-31,50,
82,17,5.1.0,2010-05-04,50,
89,17,4.1.0,2009-08-27,50,
74,17,8.0.2,,53,
24,17,2.0.0,,49,
84,17,2.0.0,,53,
95,17,,,50,
46,17,3.1.0,,50,
45,18,2.0.0,2017-12-27,50,
35,18,2.1.1,2015-07-17,53,
65,18,4.0.0,2015-03-01,53,
49,18,3.1.1,2013-08-13,53,
86,18,1.0.0,2013-04-29,53,
92,18,3.1.0,2012-03-07,50,
102,18,1.2.0.1.0,2011-03-01,50,
40,18,3.20.0,2010-12-13,50,
74,18,8.0.2,2010-11-30,50,
80,18,1.0.0,2010-08-31,50,
89,18,4.1.0,2009-08-01,50,
82,18,5.1.0,,53,
24,18,2.0.0,,53,
84,18,2.0.0,,53,
95,18,,,50,
46,18,3.0.0,,53,
51,18,2.1.1,,53,
64,18,4.2.0,,50,Replacement shipped 1/23
45,19,2.0.0,2017-12-27,50,
74,19,"8.0.2 (2,0,0,0)",2017-06-28,50,Modded to QVI Calbox
35,19,2.3.0,2015-11-16,53,
65,19,4.0.0,2015-04-29,53,
49,19,3.1.1,2013-10-31,50,
86,19,1.0.0,2013-04-29,53,
80,19,1.0.1,2011-05-24,50,
40,19,2.3.0,2011-02-21,50,System originally shipped Feb 2009
82,19,5.1.0,2010-05-04,50,
95,19,6.2.0,2009-09-30,50,
92,19,5.1.0,2009-08-01,53,
24,19,2.0.0,,53,
84,19,2.0.0,,53,
89,19,4.1.0,,53,
46,19,3.0.0,,53,
51,19,2.1.1,,53,
64,19,4.2.1,,53,
45,20,2.0.0,2017-12-27,53,
64,20,4.1.0,2017-03-01,50,
35,20,2.3.0,2015-11-16,53,
65,20,4.0.0,2015-08-21,50,
49,20,3.1.1,2013-12-17,50,
86,20,1.0.0,2013-04-29,53,
92,20,5.1.0,2013-04-10,50,
40,20,3.20.0:2.0.0.1,2011-04-01,50,Due to Mosfet failures
102,20,1.2.0,2011-03-30,50,
51,20,2.1.1,2010-06-01,50,
82,20,5.1.0,2010-05-06,53,
92,20,5.1.0,2010-05-06,50,
89,20,4.1.0,2009-11-10,50,
74,20,8.0.2,,53,
24,20,2.0.0,,53,
84,20,2.0.0,,53,
95,20,6.1.0,,53,
46,20,3.0.0,,53,
84,21,2.0.0,2018-06-06,50,
45,21,2.0.0,2017-12-27,50,
35,21,2.3.0,2016-02-04,53,Mod 1
65,21,4.0.0,2016-01-28,50,"FTI In House (Boulder)
"
46,21,3.0.0,2013-12-17,50,
49,21,3.1.1,2013-08-13,53,
86,21,1.0.0,2013-04-29,53,
74,21,8.0.4,2013-02-12,50,Damaged Calboard to be exchanged with this one. 
82,21,5.1.0,2011-07-07,50,
40,21,3.20.0,2011-07-07,50,
102,21,1.2.0,2011-07-07,50,
51,21,2.1.1,2010-06-01,50,
89,21,4.1.0,2009-08-01,50,
24,21,2.0.0,,53,
92,21,5.1.0,,53,
95,21,6.1.0,,53,
64,21,4.1.0,,53,
65,22,4.0.0,2018-02-21,53,
45,22,2.0.0,2017-12-27,49,
35,22,2.3.0,2016-02-04,53,Mod 1
86,22,1.0.0,2013-04-29,53,
40,22,3.20.0,2011-07-07,50,
80,22,1.0.1,2011-05-24,50,
92,22,3.4.0,2011-03-24,50,Conflict with SP5 #22
74,22,8.0.2,2011-02-25,50,
51,22,2.1.0,2010-08-31,50,
82,22,5.1.0,2010-05-13,50,Sent to Manny for de-bug / bring up 4/28/11
92,22,5.1.0,2009-09-30,50,
89,22,4.1.0,2009-08-06,50,
24,22,2.0.0,,53,
84,22,2.0.0,,53,
95,22,6.1.0,,53,
46,22,3.0.0,,53,
49,22,3.2.0,,53,
64,22,4.2.1,,53,
84,23,2.0.0,2018-06-06,50,
65,23,4.0.0,2018-02-21,53,
45,23,2.0.0,2017-12-27,49,
35,23,2.3.0,2016-02-04,53,Mod 1
63,23,2.0.0,2013-10-29,50,
46,23,3.0.0,2013-06-13,50,
86,23,1.0.0,2013-04-29,53,
40,23,3.20.0,2011-07-07,50,
80,23,1.0.1,2011-02-25,50,
75,23,6.1.0,2011-02-21,50,
51,23,2.1.0,2010-08-07,50,
82,23,5.1.0,2010-05-19,50,
95,23,6.1.0,2010-03-06,50,
92,23,5.1.1,2009-10-12,50,
89,23,4.1.0,2009-10-01,50,
24,23,2.0.0,,53,
92,23,3.4.0,,50,Conflict with sp5 #23
49,23,3.2.0,,53,
64,23,4.2.1,,53,
65,24,4.0.0,2019-01-08,50,
25,24,3.0.0,2018-08-14,50,
35,24,2.3.0,2016-03-01,53,Mod 1
49,24,3.2.0,2015-02-05,53,
63,24,2.0.0,2013-12-17,50,
86,24,1.0.0,2013-04-29,53,
46,24,3.0.0,2013-03-29,50,Shipped with ICMobo 192
82,24,5.6.0,2011-07-07,50,
40,24,3.20.0,2011-07-07,50,See Noah
89,24,4.1.0,2011-03-30,50,
80,24,1.0.1,2011-02-10,50,
51,24,2.1.0,2011-01-11,50,
95,24,6.1.0,2010-03-06,50,
92,24,5.1.1,2010-03-01,50,
75,24,7.7.1,,53,
64,24,4.1.0,,53,
65,25,4.0.0,2019-02-14,50,
25,25,3.0.0,2018-08-14,50,
35,25,2.3.0,2016-03-01,53,Mod 1
63,25,2.0.0,2014-11-14,50,
46,25,3.0.0,2013-11-11,50,
86,25,1.0.0,2013-05-13,53,
74,25,8.0.2,2011-04-01,50,May have an unknown bug that causes pulse gen cal failure
80,25,1.0.1,2011-02-25,50,
82,25,5.1.0,2011-01-11,50,
92,25,5.1.1,2010-09-25,50,
90,25,3.2.1,2009-11-25,50,
40,25,3.20.0,,50,
95,25,6.1.0,,53,
51,25,2.1.1,,53,
49,25,3.2.0,,53,
64,25,4.1.0,,48,
65,26,4.0.0,2019-02-14,50,
35,26,2.3.0,2016-03-01,53,Mod 1
63,26,2.0.0,2015-02-03,53,
86,26,1.0.0,2013-05-13,53,
80,26,1.0.1,2011-05-24,50,
74,26,8.0.2,2011-04-29,50,This board may or may not stay at IR durring Mike M's trip
92,26,5.1.0,2011-03-30,50,
52,26,2.91.0,2010-11-01,50,
82,26,5.1.0,2010-06-18,53,
95,26,6.1.0,2010-04-07,52,
25,26,3.0.0,,53,
90,26,3.2.1,,53,
40,26,3.21.0.2,,50,
46,26,3.0.0,,53,
49,26,3.2.0,,53,
64,26,4,,48,
65,27,4.0.1,2019-03-28,50,
49,27,3.2.0,2016-06-16,53,
35,27,2.6.2-1.0.0.0,2016-05-16,50,
63,27,2.1.0,2015-02-03,53,
86,27,1.0.0,2013-05-13,53,
89,27,4.1.0,2013-03-15,50,To replace failed HP SP4
74,27,8.0.4,2011-07-07,50,
94,27,2.0.0,2011-07-07,50,Available in-house inventory 5/18/11
80,27,1.1.0,2011-06-20,50,Shipped with Low leakage Mux 002
92,27,5.1.1,2010-11-30,50,
82,27,5.1.0,2010-06-01,53,
51,27,2.1.0,2010-05-24,50,
95,27,6.1.0,2009-11-18,53,
25,27,3.0.0,,53,
40,27,3.10.0.2.0.1.2,,50,
46,27,3.1.0,,53,
64,27,4,,48,
65,28,4.0.1,2019-03-29,49,
49,28,3.2.0,2016-10-04,50,
63,28,2.2.0-0.0.2.0,2016-09-06,51,
35,28,2.6.2-1.0.0.0,2016-05-16,50,
40,28,3.22.0-2.0.0.2,2013-12-17,50,
74,28,8.0.2,2012-01-18,50,
88,28,5.6.0,2011-04-29,50,
95,28,6.1.0,2010-11-24,50,
52,28,2.91.0,2010-10-15,50,
82,28,5.1.1,2010-08-07,53,
92,28,5.2.0,2010-02-04,50,
80,28,1.0.1,,53,
27,28,2.0.0,,53,
64,28,4,,48,
65,29,4.0.1,2019-03-29,50,
49,29,3.2.0,2016-10-04,50,
63,29,2.2.0-0.0.2.0,2016-09-20,50,
35,29,2.6.2-1.0.0.0,2016-05-16,50,
40,29,3.22.0-0.0.0.1,2014-11-14,50,
74,29,8.0.2,2013-02-01,50,Returned to Boulder in exchange for #21
88,29,5.1.4,2011-03-21,50,
52,29,2.91.0,2010-10-15,50,
82,29,5.1.1,2010-08-31,53,
92,29,5.1.1,2010-05-07,50,Unmarked
80,29,1.0.1,,53,
27,29,2.0.0,,53,
95,29,6.1.0,,53,
64,29,4,,48,
65,30,4.0.1,2019-03-29,49,
49,30,3.2.0,2016-12-20,51,
63,30,2.2.0-0.0.0.0,2016-09-20,50,
35,30,2.6.2-1.0.0.0,2016-05-16,50,
40,30,3.22.0-0.0.0.1,2014-12-17,50,
74,30,8.0.2,2011-11-01,50,
52,30,2.91.0,2010-10-15,50,
82,30,5.1.1,2010-05-24,53,
96,30,4 Special,2010-05-13,50,Schematic in customer shippment folder
88,30,5.1.2,2010-04-23,53,
95,30,6.1.0,2009-11-10,53,
80,30,1.0.1,,53,
27,30,2.0.0,,53,
65,31,4.0.1,2019-03-29,49,
35,31,2.6.2-1.0.0.0,2018-01-18,50,Brought up in Manila
49,31,3.2.0,2016-04-18,53,
40,31,3.22.0-0.0.0.1,2015-05-13,50,
81,31,6.50.0,2013-12-17,50,
80,31,1.0.1,2012-02-23,50,
95,31,6.1.1,2011-03-30,50,
52,31,2.91.2,2011-02-16,50,
44,31,5.1.1,2010-06-01,50,
88,31,5.1.2,2010-05-06,58,
74,31,8.0.2,,53,
27,31,2.0.0,,53,
92,31,5.2.0,,50,
46,31,3.1.0,,53,
63,31,2.2.0-0.0.2.0,,50,
49,32,3.2.0,2018-03-08,50,
35,32,2.6.2-1.0.0.0,2018-01-18,50,Brought up in Manila
94,32,2.0.0,2013-10-17,50,
74,32,8.10.0,2013-04-10,50,
80,32,1.0.1,2012-08-03,53,? Diodes (ask Samantha)
95,32,6.1.0,2011-03-02,50,Being shipped back for Repair
44,32,5.1.1,2011-01-11,50,
52,32,2.91.0,2010-11-04,50,
81,32,6.50.0,2010-07-27,50,
92,32,5.1.1,2010-05-04,50,
27,32,2.0.0,,53,
89,32,4.1.0,,50,
41,32,4.0.0-2.0.0.0,,53,
63,32,2.2.0-0.0.0.0,,50,
49,33,3.2.0,2018-03-08,50,
35,33,2.6.3-1.0.0.0,2018-01-18,50,Brought up in Manila
63,33,"2.2.0-0,0,1,0",2017-07-10,50,
46,33,3.1.0,2014-07-18,53,
74,33,8.0.4,2011-10-19,50,
82,33,5.1.0,2010-08-03,53," Note that I have been adding a wire to most boards lately(J2 to U20), but this one doesn't have it (Todd)"
92,33,5.1.1,2010-06-18,50,
88,33,5.1.2,2010-05-07,50,
80,33,1.0.1,,53,
27,33,2.0.0,,53,
41,33,4.0.0-2.0.0.1,,53,
95,33,6.1.0,,53,
44,33,5.1.1,,53,
52,33,2.91.2?,,50,updated per notes from Gary in the 2.91.2 schematic on 3/2/11
35,34,2.6.3-1.0.0.0,2018-06-26,53,
63,34,2.2.0-0.0.0.0,2018-04-09,50,
49,34,3.2.0,2018-03-08,49,
46,34,3.1.0,2014-07-18,50,
82,34,5.50.0,2012-10-16,50,
88,34,5.1.4,2011-03-01,50,
44,34,5.1.1,2010-07-27,50,
92,34,5.1.1,2010-05-24,50,
95,34,6.1.1,2010-05-06,50,
80,34,1.0.1,,53,
27,34,2.0.0,,53,
41,34,4.0.0-2.0.0.2,,53,
52,34,2.91,,53,
63,35,2.2.0-0.0.0.0,2018-09-04,50,
35,35,2.6.3-1.0.0.0,2018-06-26,53,
41,35,4.0.0-2.0.0.1,2018-04-02,53,
41,35,4.0.0-2.0.0.1,2018-04-02,53,
49,35,3.2.0,2018-03-08,49,
46,35,3.1.0,2014-07-18,53,
82,35,5.5.0,2010-11-24,50,
44,35,5.1.2,2010-08-07,50,
88,35,5.1.2,2010-06-04,50,
92,35,6.1.1,2010-06-01,50,
95,35,6.1.0,2009-08-01,50,
27,35,2.0.0,,53,
52,35,2.91,,53,
63,36,2.2.0-0.0.1.0,2019-01-10,50,2kV THM
35,36,2.6.3-1.0.0.0,2018-06-26,53,
41,36,4.0.0-2.0.0.1,2018-04-02,50,
49,36,3.2.0,2018-03-08,49,
46,36,3.1.0,2014-07-18,53,
82,36,5.1.0,2011-03-18,50,
74,36,8.0.4,2011-01-17,50,Ship to Joe
88,36,5.1.4KFET,2010-10-15,50,
44,36,5.1.2,2010-08-03,50,
92,36,6.1.1,2010-07-27,58,"Was taken form bonepile and installed in A-180-063015 for GaN Systems for a while, presently is 51 stock replaced with # 116 08/05/2016"
78,36,3.4.0,,53,
27,36,2.0.0,,53,
95,36,6.1.0,,53,
52,36,2.91,,53,
63,37,2.2.0-0.0.0.0,2019-06-10,49,
41,37,4.0.0-2.0.0.2,2019-03-01,54,
35,37,2.6.3-1.0.0.0,2018-06-26,53,
46,37,3.1.0,2014-07-18,53,
94,37,2.0.0,2013-10-25,50,
80,37,,2012-08-03,53,? Fairchild (ask Samantha)
52,37,2.95.2,2011-04-11,50,
82,37,5.1.0,2010-08-31,50,
44,37,5.1.2,2010-08-13,50,
95,37,6.2.0,2010-05-13,50,
27,37,2.0.0,,53,
88,37,5.1.2,,53,
92,37,6.0.0,,53,
63,38,2.2.0-0.0.0.0,2019-06-17,49,
41,38,4.0.0-2.0.0.2,2019-03-01,49,
35,38,2.6.3-1.0.0.0,2018-06-26,53,
46,38,3.1.0,2015-02-04,53,
94,38,2.0.0,2015-01-11,50,
80,38,,2013-06-13,50,
74,38,8.0.4,2011-01-17,50,Ship to Joe
44,38,5.1.2,2010-08-31,50,
88,38,5.1.4,2010-08-20,50,
92,38,6.1.0,2010-08-09,50,
78,38,4.4.0D,2009-10-23,50,
95,38,6.1.0,2009-08-27,50,
82,38,5.1.1,,53,
27,38,2.0.0,,53,
52,38,2.97.0,,53,
63,39,2.2.0-0.0.0.0,2019-06-17,49,
41,39,4.0.0-2.0.0.2,2019-03-01,50,
35,39,2.6.3-1.0.0.0,2018-06-26,53,
46,39,3.1.0,2015-02-04,53,
82,39,5.5.0,2010-10-18,50,
95,39,5.4.0,2010-05-04,50,
78,39,4.4.0D,2009-11-10,53,
79,39,2.0.0,,53,
27,39,2.0.0,,53,
88,39,5.1.2,,53,
92,39,6.0.0,,53,
94,39,2.0.0,,50,
44,39,5.1.2,,53,
52,39,2.97.0,,53,
63,40,2.2.0-0.0.0.0,2019-06-17,54,
35,40,2.6.3-1.0.0.0,2018-08-06,53,
50,40,5.0.0,2015-07-13,51,
46,40,3.1.0,2015-02-04,53,
74,40,,2012-01-18,50,
82,40,5.5.0,2010-10-15,50,
44,40,5.1.1,2010-08-31,50,
95,40,6.2.0,2010-08-20,50,
92,40,6.1.1,2010-06-01,50,
78,40,4.3.0,,53,
79,40,2.0.0,,53,
27,40,2.0.0,,53,
88,40,5.1.2,,53,
94,40,2.0.0,,50,
52,40,2.91,,53,
35,41,2.6.3-1.0.0.0,2018-08-17,50,Brought up in Manila
50,41,5.0.0,2015-07-13,51,
27,41,2.0.0,2015-04-14,53,
46,41,3.1.0,2015-02-04,50,
74,41,8.0.4,2013-10-31,50,
95,41,6.3.0,2012-02-23,50,
82,41,5.1.0,2011-04-07,52,
44,41,5.1.2,2010-09-20,50,New RG
88,41,5.1.4,2010-08-09,50,
92,41,6.1.0,2010-06-30,50,
80,41,1.0.1,,54,Signal path does not complete
94,41,2.2.0,,53,
52,41,2.91,,53,
63,41,,,48,
35,42,2.6.3-1.0.0.0,2018-08-17,50,Brought up in Manila
94,42,2.2.1,2017-06-30,53,
50,42,5.0.0,2016-03-18,51,
27,42,2.0.0,2015-04-14,53,
46,42,3.1.0,2015-02-04,53,
44,42,5.1.2,2011-04-07,50,
92,42,6.1.0,2010-06-21,50,Cal verified x10
88,42,5.1.3,2010-06-01,53,
95,42,6.2.0,2010-05-24,50,
72,42,5.3.0,2009-08-27,50,
74,42,8.0.4,,53,
80,42,1.0.1,,49,
82,42,5.1.0,,53,
52,42,2.91,,53,
63,42,,,48,
35,43,2.6.3-1.0.0.0,2018-09-05,53,
94,43,2.2.1,2017-06-30,50,
27,43,2.0.0,2015-04-14,53,
46,43,3.1.0,2015-03-31,53,
74,43,8.0.4,2013-11-11,50,
52,43,2.97.0-2,2013-10-16,50,
95,43,6.2.0,2010-06-11,50,
88,43,5.1.3,2010-06-01,53,
73,43,4.1.0,,58,
82,43,5.5.0,,53,
92,43,6.1.0,,53,
44,43,,,53,
35,44,2.6.3-1.0.0.0,2018-09-05,53,
94,44,2.2.1,2017-06-30,50,
27,44,2.0.0,2015-04-14,53,
46,44,3.1.0,2015-03-31,53,
52,44,2.97.0,2013-12-17,50,
88,44,5.1.5,2011-05-13,58,
78,44,4.3.0D,2011-03-24,50,
44,44,5.1.2,2010-11-23,50,
95,44,6.2.0,2010-08-09,50,
92,44,6.1.1,2010-08-03,52,
74,44,8.0.4,,53,
82,44,5.5.0,,53,
36,45,3.0.1-0.0.0.0,2018-11-12,50,Brought up in Boulder
94,45,2.2.1,2017-06-30,50,
27,45,2.0.0,2015-04-14,53,
46,45,3.1.0,2015-03-31,53,
81,45,6.1.0,2010-11-12,50,
44,45,5.1.2,2010-11-04,50,
88,45,5.1.4,2010-08-03,53,
92,45,6.1.1,2010-08-03,50,
95,45,6.2.0,2010-06-01,50,
74,45,8.0.4,,53,
52,45,2.97.0,,53,
36,46,3.0.1-0.0.0.0,2018-11-12,50,Brought up in Boulder
94,46,2.2.1,2017-06-30,50,
27,46,2.0.0,2015-04-14,53,
46,46,3.1.0,2015-03-31,53,
52,46,2.97.0-2,2013-11-01,50,
88,46,5.1.4,2011-06-09,50,Returned with Samantha to Erwin
44,46,5.1.2,2010-10-18,50,
95,46,6.2.0,2010-09-15,50,
74,46,8.0.4,,53,
81,46,6.0.0,,53,
92,46,6.1.0,,53,
36,47,3.0.1-0.0.0.0,2019-04-05,49,
94,47,2.2.1,2019-02-21,50,
27,47,2.0.0,2015-04-14,53,
46,47,3.1.0,2015-03-31,51,
81,47,6.0.0,2012-10-13,52,Shipped from Semicoa to Boulder for repair with their TMU System.
95,47,6.2.0,2011-04-10,50,
44,47,5.1.2,2010-11-05,50,Cheng Du (Todd)
88,47,5.1.4,2010-08-31,53,
92,47,6.1.1,2010-08-31,50,
74,47,8.10.0.0.0.0.0,,53,
52,47,2.97.0,,53,
46,48,3.1.0,2015-09-18,50,
27,48,2.0.0,2015-04-14,53,
88,48,5.5.1,2011-07-07,50,
92,48,6.1.1,2010-08-20,50,
95,48,6.2.0,2010-08-03,50,
15,48,9.0.0,,53,
81,48,6.0.0,,53,
94,48,2.2.1,,48,
36,48,,,49,
44,48,5.1.2,,53,
52,48,2.97.0,,53,
46,49,3.1.0,2015-09-18,53,
27,49,2.0.0,2015-04-14,53,
15,49,9.0.0,2014-02-11,50,
81,49,6.50.0,2012-12-31,50,
44,49,5.1.2,2010-11-24,50,
92,49,6.1.1,2010-10-18,50,
88,49,5.1.4,,53,
94,49,2.2.1,,48,
36,49,,,49,
95,49,6.2.0,,53,
52,49,2.98.0,,53,
46,50,3.1.0,2015-09-18,53,
27,50,2.0.0,2015-04-14,53,
44,50,5.1.2,2012-02-23,50,
88,50,5.1.4,2010-09-15,50,
92,50,6.1.1,2010-09-03,50,
95,50,6.2.0,2010-08-31,50,
81,50,6.0.0,,53,
94,50,2.2.1,,48,
36,50,,,49,
52,50,2.98.0,,53,
46,51,3.1.0,2015-09-18,53,
27,51,2.0.0,2015-04-14,53,
15,51,9.0.0.2,2013-12-17,50,
44,51,5.1.2,2011-07-22,50,
92,51,6.1.1,2010-11-01,50,
95,51,6.2.0,2010-06-01,50,
81,51,6.0.0,,53,Sent to Manny for de-bug / bring up 4/28/11
88,51,5.1.4,,53,
36,51,,,49,
52,51,2.98.0,,53,
46,52,3.1.0,2015-09-18,53,
27,52,2.0.0,2015-04-14,53,
52,52,2.98.0,2015-01-23,50,
15,52,9.0.0,2014-07-18,53,
81,52,6.50.0,2012-03-15,50,
44,52,5.1.2,2011-06-06,50,
92,52,6.1.1,2010-11-04,50,
78,52,5.1.1D,2010-05-12,50,
72,52,5.3.2,2010-05-04,50,
88,52,5.1.4,,53,
36,52,,,49,
95,52,6.2.0,,53,
27,53,2.0.0,2016-11-16,53,
46,53,3.1.0,2015-12-23,50,
15,53,9.0.0,2014-07-18,53,
44,53,5.1.2,2011-06-06,50,
92,53,6.1.1,2010-08-31,50,
95,53,6.2.0,2010-08-03,50,
78,53,5.1.0D,2009-05-12,53,
81,53,6.0.0,,53,
88,53,5.1.4,,53,
36,53,,,49,
27,54,2.0.0,2016-11-16,53,
46,54,3.1.0,2015-12-23,53,
15,54,9.0.0,2014-07-18,53,
81,54,6.1.0,2011-04-18,50,
92,54,6.1.0,2010-09-15,50,Due to system #2 Failure
72,54,5.3.1,2009-08-01,50,
88,54,5.1.4,,53,
36,54,,,49,
95,54,6.2.0,,53,
44,54,5.1.2,,53,
27,55,2.0.0,2016-11-16,53,
46,55,3.1.0,2015-12-23,53,
15,55,9.0.0,2014-08-19,53,
92,55,5.1.1,2011-08-20,50,
44,55,5.1.2,2011-03-30,50,
81,55,6.0.0,,53,
88,55,5.1.4,,53,
36,55,,,49,
95,55,6.2.0,,50,
27,56,2.0.0,2017-02-06,50,
46,56,3.1.0,2015-12-23,53,
15,56,9.0.0,2014-08-19,53,
95,56,6.3.0,2013-10-16,50,
88,56,,2012-01-18,50,
44,56,5.1.2,2011-07-07,50,To Manny for Updating
92,56,6.1.1,2011-03-21,50,Spare per Gordon
88,56,5.1.4,2010-09-25,50,
81,56,6.0.0,,53,
27,57,2.0.0,2017-02-06,50,
46,57,3.1.0,2015-12-23,53,
15,57,9.0.0,2014-12-18,53,
44,57,5.1.3,2011-02-22,50,
95,57,6.2.0,2010-08-31,50,
72,57,5.3.1,2009-01-04,50,
81,57,6.0.0,,53,
88,57,5.1.4,,53,
92,57,,,53,
27,58,2.0.0,2017-02-06,50,
46,58,3.1.0,2016-03-08,53,
15,58,9.0.0,2014-12-18,53,
44,58,5.1.2,2012-10-15,50,To Manny for Updating
81,58,6.50.0,2012-08-17,50,
88,58,5.5.1,2011-11-01,58,
95,58,6.2.0,2011-08-20,50,
92,58,6.1.1,2011-03-18,50,
72,58,5.2.0,2009-08-01,50,
27,59,2.0.0,2017-02-06,50,
46,59,3.1.0,2016-03-08,50,
15,59,9.0.0,2014-12-18,53,
95,59,6.2.0,2012-08-17,50,
88,59,5.5.1,2011-08-15,50,To replace the damaged HP from their DVSD insident
44,59,5.1.2,2011-04-18,50,To Manny for Updating
81,59,6.1.0,2011-03-30,50,
78,59,5.1.0,2010-10-24,50,
27,60,2.0.0,2017-04-24,53,
46,60,3.1.0,2016-03-08,50,
15,60,9.0.0,2014-12-18,53,
92,60,6.1.2,2013-09-06,50,
81,60,6.50.0,2012-02-23,50,
88,60,5.5.1,2011-06-03,50,U13 Failed on startup and Damaging R141. Reparied and protection installed
92,60,6.1.1,2011-02-25,50,
44,60,,2011-02-22,50,To Manny for Updating
95,60,6.2.0,2010-10-18,50,
27,61,2.0.0,2017-04-24,53,
88,61,5.1.4,2016-05-25,50,
46,61,3.1.0,2016-03-08,51,"Spin 3, works.  Could be used for a replacement"
15,61,9.0.0,2014-12-18,53,
92,61,,2012-01-18,50,Repair
83,61,4.4.0,2011-03-24,50,To replace out of spec digitzer
44,61,,2011-02-22,50,To Manny for Updating
95,61,6.2.0,,53,
27,62,2.0.0,2017-04-24,53,
46,62,3.1.0,2016-03-08,50,
15,62,9.0.0,2014-12-18,53,
88,62,5.5.3,2012-07-30,50,Replacement module due to 50V HP_Check Voltage clamp check failure (possible oscillation)
92,62,6.1.1,2012-01-18,50,
44,62,,2011-02-22,50,To Manny for Updating
78,62,6.1.0,2010-06-11,50,
82,62,,,53,Sent to Manny for de-bug / bring up 4/28/11
95,62,6.2.0,,53,
81,63,6.1.0,2019-06-10,50,Sent to Manny for de-bug / bring up 4/28/11
27,63,2.0.0,2017-08-02,53,
46,63,3.1.0,2016-03-08,50,
15,63,9.0.0,2014-12-18,53,
92,63,6.1.1,2011-07-07,50,
44,63,,2011-02-22,50,To Manny for Updating
88,63,5.2.1,2010-11-24,50,"Programming error, needs to be 5.2.0"
95,63,6.2.0,2010-11-05,50,
78,63,6.1.1,2009-08-01,53,
27,64,2.0.0,2017-08-02,53,
46,64,3.1.0,2016-03-08,53,
15,64,9.0.0,2014-12-18,53,
44,64,5.1.2,2012-10-13,50,Sent back to boulder due to calibration failing
82,64,5.1.0,2012-07-30,50,
88,64,5.1.4,2011-01-12,50,
95,64,6.2.0,2010-11-30,50,
78,64,6.1.0,2009-11-23,58,
92,64,6.1.1,,50,See Noah
27,65,2.0.0,2107-09-15,53,
46,65,3.1.0,2016-03-09,50,
15,65,9.0.0,2014-12-18,53,
95,65,6.3.0,2011-11-01,50,
82,65,,2011-10-06,50,
92,65,6.1.1,2011-07-22,50,
88,65,5.1.4,,53,
44,65,5.1.2,,50,
27,66,2.0.0,2017-10-16,53,
46,66,3.1.0,2016-03-09,50,
15,66,9.0.0.2,2014-12-18,50,
44,66,5.1.2,2013-10-16,50,
82,66,5.50.1,2012-02-15,53,
92,66,6.1.1,2011-08-29,51,
95,66,6.2.1,2011-04-06,50,
78,66,6.1.0,2009-08-27,53,
88,66,5.1.4,,53,
27,67,2.0.0,2017-10-16,53,
46,67,3.1.0,2016-03-09,53,
15,67,9.0.0-2.0,2015-07-17,53,
44,67,5.1.2,2013-10-16,50,
95,67,6.2.0,2012-01-18,50,
92,67,6.1.1,2011-08-29,51,
88,67,5.2.1,2011-02-25,50,"Programming error, needs to be 5.2.0"
81,67,6.50.0,,53,
27,68,2.0.0,2017-10-16,53,
46,68,3.1.0,2016-06-24,50,
15,68,9.0.0-2.0,2015-07-17,53,
92,68,6.1.1,2011-09-09,50,
88,68,5.2.0,2011-07-21,58,"Loaned to API, then returned for repair."
78,68,6.1.2,,53,
81,68,6.50.0,,53,
95,68,6.2.0,,53,
44,68,5.1.2,,50,
46,69,3.1.0,2019-04-05,50,
27,69,2.0.0,2017-10-16,53,
75,69,7.7.2,2015-08-13,53,SP9 configured as 7.7.2 for Bourns.
44,69,5.1.2,2013-10-31,50,
81,69,6.50.0,2012-06-22,50,
92,69,6.5.0,2011-09-13,50,Exchange system return
88,69,5.2.0,2011-06-20,50,Sent with Low Leakage mux to fill LC requirments
78,69,6.1.1,2011-03-30,50,
95,69,6.2.0,2010-12-21,50,Calibrated and verified for 0.5 day
27,70,2.0.0,2017-10-16,53,
46,70,3.1.0,2016-06-24,51,
15,70,9.0.0-0.0,2015-10-20,58,
51,70,2.100.0,2015-07-13,50,
44,70,5.1.3,2013-12-17,50,
81,70,6.50.0,2012-11-07,50,
95,70,6.3.1,2012-11-05,50,
92,70,,2011-10-06,50,
88,70,5.2.1,2010-11-30,50,"Programming error, needs to be 5.2.0"
27,71,2.0.0,2017-10-17,53,
46,71,3.1.0,2016-06-24,50,
15,71,9.0.0-0.0,2015-10-20,50,
51,71,2.110.0,2015-07-13,51,
92,71,6.1.1,2011-10-19,51,
77,71,7.1.0,2010-03-26,53,
81,71,6.50.0,,53,
88,71,5.1.4,,53,
95,71,6.2.0,,53,
44,71,5.1.2,,50,
27,72,2.0.0,2017-10-17,53,
46,72,3.1.0,2016-06-24,53,
51,72,2.100.0,2015-10-22,53,
15,72,9.0.0-0.0,2015-10-20,51,200A calboard for 51
88,72,5.1.4,2010-11-04,50,
77,72,7.1.0,2010-05-04,50,
81,72,6.50.0,,53,
92,72,6.1.1,,53,
95,72,6.3.0,,52,Gordon's nano. Failed in service.
44,72,5.1.2,,53,
27,73,2.0.0,2017-10-17,49,bottom
46,73,3.1.0,2016-07-21,53,
15,73,9.0.0-0.0,2016-01-21,53,
51,73,2.100.0,2015-10-22,53,
44,73,5.1.2,2014-12-03,53,
95,73,6.2.0,2011-01-12,50,To add into their DVSD system
88,73,5.3.0,2010-12-01,50,New KFET mod for Itrip test
77,73,7.1.0,2010-03-26,53,
81,73,6.50.0,,53,
92,73,6.1.1,,53,
27,74,2.0.0,2017-10-17,49,top
46,74,3.1.0,2016-07-21,50,
51,74,2.110.0,2016-03-18,51,
15,74,9.0.0-0.0,2016-01-21,53,
44,74,5.1.2,2014-12-03,53,
92,74,,2012-01-18,50,
95,74,6.3.0,2011-07-07,50,
88,74,5.2.0,2010-12-17,50,
81,74,6.50.0,,53,
27,75,2.0.0,2017-10-17,53,
46,75,3.1.0,2016-07-21,53,
52,75,2.98.1,2016-06-15,53,
15,75,9.0.0-0.0,2016-01-21,53,
44,75,5.1.2,2014-04-29,50,
92,75,,2012-01-18,50,
95,75,5.2.0,2011-03-30,50,
81,75,6.50.0,,53,
88,75,5.2.0,,53,Sent to Manny for de-bug / bring up 4/28/11
27,76,2.0.0,2017-10-17,49,top
46,76,3.1.0,2016-07-21,53,
52,76,2.98.1,2016-06-15,53,
15,76,9.0.0-0.0,2016-01-21,53,
44,76,5.1.2,2014-12-03,50,
95,76,6.3.0,2012-07-12,52,To include Vforce and Isource mods for Z0j testing
88,76,5.5.0,2011-08-20,50,
81,76,6.50.0,,53,
92,76,6.1.1,,50,
27,77,2.0.0,2017-10-17,49,top
46,77,3.1.0,2016-07-21,53,
52,77,2.98.1,2016-06-16,50,
15,77,9.0.0-0.0,2016-03-07,53,
44,77,5.1.2,2014-12-03,53,
81,77,6.50.0,2013-06-13,50,
92,77,6.1.1,2012-02-23,50,
88,77,5.5.0,,50,See Noah
95,77,6.3.0,,53,Available in-house inventory 5/3/11
27,78,2.0.0,2017-10-17,49,bottom
47,78,4.0.1,2016-10-31,50,
52,78,2.98.1,2016-06-16,53,
15,78,9.0.0-0.0,2016-03-07,53,
44,78,5.1.2,2014-12-03,53,
92,78,6.1.1,2012-05-12,53,
81,78,6.50.0,,53,
88,78,5.5.1,,53,
95,78,6.3.0,,53,Available in-house inventory 5/3/11
27,79,2.0.0,2017-10-17,53,
47,79,4.0.1,2016-10-31,53,
52,79,2.98.1,2016-06-16,50,
15,79,9.0.0-2.0,2016-03-07,50,
44,79,5.1.2,2014-12-03,53,
92,79,6.1.2,2012-11-07,50,
88,79,5.5.1,2011-09-09,50,
95,79,6.3.0,2011-05-13,50,
81,79,6.50.0,,53,
27,80,2.0.0,2017-10-17,49,top
51,80,2.100.0,2016-11-10,50,
47,80,4.0.1,2016-10-31,50,
15,80,9.0.0-0.0,2016-03-07,53,
44,80,6.0.0,2014-12-17,50,FIrst reworked spin 5
88,80,5.5.1,2012-08-17,50,SOA tester
95,80,6.3.0,2012-07-30,52,See Noah
81,80,6.50.0,,53,
92,80,6.1.2,,50,
27,81,2.0.0,2017-10-17,49,top
51,81,2.100.0,2016-12-19,50,
47,81,4.0.1,2016-10-31,53,
15,81,9.0.0-0.0,2016-07-25,53,
43,81,7.0.0,2011-07-22,50,
81,81,6.50.0,,53,
92,81,6.1.1,,50,
44,81,5.1.3,,53,
27,82,2.0.0,2017-10-17,53,
51,82,2.100.0,2016-12-19,53,
47,82,4.0.1,2016-10-31,53,
44,82,5.1.4,2016-10-28,50,
15,82,9.0.0-0.0,2016-09-13,50,
81,82,6.50.0,2013-10-16,50,
88,82,,2011-10-06,50,
92,82,6.1.2,,50,
43,82,7.0.0,,53,
27,83,2.0.0,2017-10-17,53,
51,83,2.100.0,2016-12-19,53,
47,83,4.0.1,2016-12-14,50,
15,83,9.0.0-0.0,2016-11-03,50,
44,83,5.1.4,2016-10-28,50,
88,83,5.5.1,2011-10-18,50,
43,83,7.0.0,2011-09-09,50,
71,83,6.1.0,2010-03-01,50,
81,83,6.50.0,,53,
92,83,6.1.2,,58,
43,84,7.0.0.0,2019-04-02,50,
27,84,2.0.0,2017-10-17,53,
15,84,9.0.0-0.0,2017-01-02,50,
51,84,2.100.0,2016-12-19,54,
47,84,4.0.1,2016-12-14,50,
44,84,5.1.4,2016-10-28,53,
88,84,5.5.1,2011-10-19,50,To RFMicro 
71,84,6.1.0,2010-03-01,50,
81,84,6.50.0,,53,
92,84,6.1.2,,53,
51,85,2.100.0,2018-01-25,50,
15,85,9.0.0-0.0,2017-01-02,50,
47,85,4.0.1,2016-12-14,50,
44,85,5.1.4,2016-10-28,53,
81,85,6.50.0,2013-12-17,50,
92,85,6.1.2,2013-10-16,50,
88,85,5.7.0,2011-10-28,50,Has new Isolated KFET Drive
43,85,,2011-10-06,50,
51,86,2.100.0,2018-01-25,53,
15,86,9.0.0-0.0,2017-01-02,53,
47,86,4.0.1,2016-12-14,53,
44,86,5.1.4,2016-10-28,53,
43,86,7.0.1,2012-06-05,50,This replacement due to 25mA range failure.
71,86,6.1.0,,50,
88,86,5.80.1-200.0.0.0,,58,
92,86,6.1.2,,53,
51,87,2.100.0,2018-01-25,53,
44,87,5.1.4,2017-09-15,53,
15,87,9.0.0-0.0,2017-01-02,53,
47,87,4.0.1,2016-12-14,53,
81,87,6.50.0,2013-10-31,50,
88,87,5.80.1,2013-04-09,50,
92,87,6.1.2,,53,
43,87,,,50,
51,88,2.100.0,2018-01-25,53,
44,88,5.1.4,2017-09-15,53,
47,88,4.0.1,2017-05-09,50,
15,88,9.0.0-0.0,2017-01-02,53,
92,88,6.1.2,2013-06-13,50,
71,88,6.1.0,2010-03-26,50,
22,88,7.0.0,,53,
43,88,7.0.0,,53,
51,89,2.100.0,2018-02-07,53,
44,89,5.1.5,2017-09-28,53,
47,89,4.0.1,2017-05-09,50,
15,89,9.0.0-0.0,2017-04-18,53,
43,89,7.0.0,2012-07-18,50,Shipped with DC Mobo 170
22,89,7.0.0,,53,
92,89,6.1.2,,53,
51,90,2.100.0,2019-06-11,54,
44,90,5.1.5,2017-11-01,53,
15,90,9.0.0-0.0,2017-06-19,53,
47,90,4.0.1,2017-05-09,53,
92,90,6.1.2,2013-10-16,50,
77,90,7.2.0,2010-10-01,58,Has HP200A Mods. 
22,90,7.0.0,,53,
88,90,5.5.1,,53,
43,90,7.0.1,,50,
51,91,2.100.0,2019-06-11,49,
44,91,5.1.5,2017-12-22,53,
15,91,9.0.0-0.0,2017-07-06,50,
47,91,4.0.1,2017-05-09,50,
43,91,7.0.0,2013-04-10,50,
22,91,7.0.0,,53,
88,91,5.5.1,,53,
92,91,6.1.2,,53,
51,92,2.100.0,2019-06-11,54,
44,92,5.1.5,2017-12-22,50,
15,92,9.0.0-0.0,2017-08-22,53,
47,92,4.0.1,2017-05-09,53,
71,92,6.1.1,2010-04-14,50,
22,92,7.0.0,,53,
88,92,5.5.5,,53,
92,92,6.1.2,,53,
43,92,7.0.2,,53,
51,93,2.100.0,2019-06-11,54,
44,93,5.1.5,2017-12-22,53,
15,93,9.0.0-0.0,2017-08-22,53,
47,93,4.0.1,2017-05-11,50,
91,93,7.0.0,2013-10-31,50,
88,93,5.2.0,2012-02-23,50,"No KFET and No ISINK, has Integrator protection, and 1/2/W Resistors on current mirror"
71,93,6.1.1,2010-05-06,50,
22,93,7.0.0,,53,
43,93,7.0.2,,53,
51,94,2.100.0,2019-06-11,54,
43,94,7.0.2,2019-04-05,50,
44,94,5.1.5,2017-12-22,53,
15,94,9.0.0-0.0,2017-08-22,50,
47,94,4.0.1,2017-05-11,53,
88,94,5.20.0,2011-06-28,50,Slot 1 only
71,94,6.1.1,,52,Claims to have a broken internal layer but is 51 good
22,94,7.0.0,,53,
91,94,7.0.0,,53,
51,95,2.100.0,2019-06-11,49,
44,95,5.1.5,2017-12-22,50,
15,95,9.0.0-0.0,2017-08-22,53,
47,95,4.0.1,2017-05-11,50,
91,95,7.2.0,2013-11-11,50,
88,95,5.80.0,2012-12-20,58,"200A, No KFET, No ISINK"
22,95,7.0.0,,50,
43,95,7.0.2,,53,
51,96,2.100.0,2019-06-11,54,
44,96,5.1.5,2017-12-22,53,
15,96,9.0.0-0.0,2017-08-22,53,
47,96,4.0.1,2017-05-11,53,
91,96,7.0.0,2013-12-17,50,
22,96,7.0.0,,53,
30,96,6.0.0,,53,
43,96,7.0.2,,50,
51,97,2.100.0,2019-06-11,54,
15,97,9.0.0-0.0,2017-08-22,53,
47,97,4.0.1,2017-05-11,53,
44,97,5.1.5,2017-04-25,50,
43,97,7.0.2,2013-10-16,50,
77,97,,,50,
22,97,7.0.0,,53,
30,97,6.0.0,,53,
91,97,7.0.0,,53,
51,98,2.100.0,2019-06-11,54,
48,98,5.0.0,2018-02-09,50,
44,98,5.1.5,2017-12-22,50,
15,98,9.0.0-0.0,2017-08-22,50,
91,98,7.0.0,2014-01-29,50,
43,98,7.0.2,2013-10-16,50,
71,98,6.1.1,2010-05-06,50,
77,98,7.0.1,2010-05-06,53,
22,98,7.0.0,,50,
30,98,6.0.0,,53,
51,99,2.100.0,2019-06-11,54,
44,99,5.1.5,2018-11-27,49,
48,99,5.0.0,2018-02-09,50,
15,99,9.0.0-0.0,2017-08-22,53,
43,99,7.0.2,2013-06-13,50,
77,99,7.0.3,2010-06-01,53,Has Q139 changed to FET (ECO to Follow) 1/10/11
22,99,7.0.0,,53,
30,99,6.0.0,,53,
91,99,7.0.0,,53,
51,100,2.100.0,2019-06-11,54,
44,100,5.1.4,2018-12-13,53,
48,100,5.0.0,2018-02-09,53,
15,100,9.0.0-0.0,2017-08-22,53,
22,100,7.0.0,2015-01-08,50,
77,100,7.0.1,2010-05-06,53,
30,100,6.0.0,,53,
91,100,7.0.0,,51,
43,100,7.0.2,,53,
48,101,5.0.0,2029-04-05,50,
51,101,2.100.0,2019-06-11,49,
44,101,5.1.4,2018-12-14,49,
15,101,9.0.0-0.0,2017-08-22,53,
43,101,7.0.2,2013-10-16,50,
30,101,6.0.0,2013-02-28,50,Spares shipment
71,101,6.1.1,2010-06-18,50,
22,101,7.0.0,,53,
91,101,7.0.0,,53,
51,102,2.100.0,2019-06-11,49,
44,102,5.1.4,2018-12-14,49,
14,102,10.0.1-0.0,2018-04-13,50,
48,102,5.0.0,2018-02-09,50,
91,102,7.0.0,2014-02-11,50,Returned from Renesas needs c95 increased
43,102,7.0.2,2013-12-17,50,
30,102,6.0.0,2013-04-10,50,
77,102,7.1.1,2010-06-18,53,
22,102,7.0.0,,50,
51,103,2.100.0,2019-06-11,54,
44,103,5.1.4,2018-12-14,49,
14,103,10.0.1-0.0,2018-03-21,53,
48,103,5.0.0,2018-02-09,50,
91,103,7.0.0,2014-08-21,53,
43,103,7.0.2,2013-10-31,50,
71,103,6.6.0.1.0.0.0,2011-04-18,50,
71,103,,2011-01-03,50,
22,103,7.0.0,,53,
30,103,6.0.0,,53,
51,104,2.100.0,2019-06-11,49,
44,104,5.1.4,2018-12-14,49,
14,104,10.0.1-0.0,2018-04-17,50,
48,104,5.0.0,2018-02-09,53,
22,104,7.0.0,2015-12-17,50,
91,104,7.0.0,2014-08-21,53,
43,104,7.0.2,2013-11-11,50,
77,104,7.4.0,2010-09-22,50,
30,104,6.0.0,,53,
14,105,10.0.1-0.0,2018-05-22,50,
51,105,2.100.0,2019-06-11,49,
44,105,5.1.4,2018-12-14,49,
48,105,5.0.0,2018-02-09,53,
91,105,7.0.0,2014-08-21,53,
77,105,7.0.3,2010-06-01,53,
22,105,7.0.0,,50,
30,105,6.0.0,,53,
43,105,7.0.2,,53,
14,106,10.0.1-0.0,2018-05-22,51,
44,106,5.1.4,2018-12-14,50,
48,106,5.0.0,2018-02-09,50,
91,106,7.0.1,2014-08-21,50,To replace damaged HV module per Phong.
43,106,7.0.2,2013-11-19,50,
30,106,6.0.0,2013-06-25,50,"To replace damaged HP after VF,RDSon, and 8.3mS testing"
71,106,6.1.1,2010-05-20,50,
22,106,7.0.0,,53,
14,107,10.0.1-0.0,2018-05-22,49,
44,107,5.1.4,2018-12-14,49,
48,107,5.0.0,2018-02-09,50,
91,107,7.0.0,2014-08-21,53,
30,107,6.0.0,2013-04-12,50,To replace HP shown to fail cal and diags by Phong.
71,107,6.1.2,2010-06-01,50,
22,107,7.0.0,,50,
43,107,7.0.2,,53,
14,108,10.0.1-0.0,2018-05-22,53,
44,108,5.1.4,2018-12-20,50,
48,108,5.0.0,2018-07-27,50,
22,108,7.0.0,2016-04-29,50,
71,108,,2012-01-18,50,
71,108,,2011-10-06,50,
71,108,6.3.0,2010-06-01,50,
30,108,6.0.0,,53,
91,108,7.0.1,,53,
43,108,7.0.2,,53,
14,109,10.0.1-0.0,2018-05-22,50,
48,109,5.0.0,2018-07-27,52,
22,109,7.0.0,2016-04-29,50,
20,109,,,50,
30,109,6.0.0,,53,
91,109,7.0.1,,53,
43,109,7.0.2,,53,
14,110,10.0.1-0.0,2018-05-22,50,
48,110,5.0.0,2018-07-27,50,Spares
43,110,7.0.2,2014-01-29,50,
70,110,7.1.0,2010-08-07,50,
22,110,7.0.0,,53,
30,110,6.0.0,,53,
91,110,7.0.1,,53,
14,111,10.0.1-0.0,2018-05-22,50,
48,111,5.0.0,2018-07-27,50,
43,111,7.0.2,2014-02-11,50,
30,111,6.0.0,2013-06-13,50,
70,111,7.4.1,2011-03-30,50,
22,111,7.0.0,,53,
32,111,8.01,,53,
22,112,7.0.0,2019-04-05,50,
14,112,10.0.1-0.0,2019-01-03,50,
48,112,5.0.0,2018-07-27,53,
32,112,8.01,2015-03-11,53,
43,112,7.0.2,2014-07-18,53,
70,112,7.1.1,2012-01-24,50,Upgraded in field from 7.0.1 per Samantha
30,112,6.0.0,,53,
32,113,8.01,2019-04-05,50,
14,113,10.0.1-0.0,2019-01-04,53,
48,113,5.0.0,2018-07-27,53,
43,113,7.0.2,2014-07-18,53,
20,113,8.0.2,2010-11-04,50,
22,113,7.0.0,,53,
30,113,6.0.0,,53,
14,114,10.0.1-0.0,2019-01-11,50,
48,114,5.0.0,2018-07-27,50,
32,114,8.01,2015-03-11,53,
43,114,7.0.2,2014-07-18,53,
30,114,6.0.0-0.14.1,2013-08-12,50,
20,114,8.5.0,2013-04-10,50,
22,114,7.0.0,,53,
14,115,10.0.1-0.0,2019-01-11,50,
48,115,5.0.0,2018-07-27,53,
32,115,8.01,2015-03-11,53,
43,115,7.0.2,2014-07-18,53,
20,115,8.5.0,2012-11-07,50,
22,115,7.0.0,,53,
30,115,6.0.0,,50,
14,116,10.0.1-0.0,2019-01-11,53,
48,116,5.0.0,2018-07-27,53,
32,116,8.03,2015-05-29,50,
43,116,7.0.2,2014-07-18,53,
70,116,,2012-01-18,50,
70,116,7.2.0,2011-04-07,50,
70,116,,2010-11-23,50,
70,116,7.0.0,2010-08-31,50,
22,116,7.0.0,,50,
30,116,6.0.0,,53,
14,117,10.0.1-0.0,2019-03-15,50,
48,117,5.0.0,2018-07-27,50,
32,117,8.03,2015-05-29,52,Navitas Return
43,117,7.0.2,2014-07-18,53,
22,117,7.0.0,,50,
30,117,6.0.0,,53,
14,118,10.0.1-0.0,2019-04-01,49,
48,118,5.0.0,2019-03-08,50,
32,118,8.03,2015-05-29,53,
43,118,7.0.2,2014-07-18,53,
30,118,6.0.0,2013-10-18,50,
70,118,7.4.1,2011-07-07,50,
20,118,8.0.0. opt1,2010-07-27,53,
22,118,7.0.0,,53,
14,119,10.0.1-2.0,2019-04-23,49,
48,119,5.0.0,2019-04-03,53,
22,119,7.0.0,2017-04-11,53,
32,119,8.03,2015-05-29,53,
43,119,7.0.2,2014-07-18,53,
30,119,6.0.0.0.14,2013-10-18,50,
70,119,7.4.1,2010-11-12,50,Has Soft start
14,120,10.0.1-2.0,2019-04-23,49,Unsure on location
48,120,5.0.0,2019-04-03,50,
22,120,7.0.0,2017-04-11,50,
32,120,8.03,2015-05-29,53,
43,120,7.0.2,2014-07-18,53,
30,120,6.0.0.0.14,2013-10-31,50,
13,121,11.0.0-2.0,2019-06-27,49,
48,121,5.0.0,2019-04-03,54,
22,121,7.0.0,2017-05-08,53,
32,121,8.0.3,2015-09-22,50,
43,121,7.0.2,2014-07-18,53,
30,121,6.0.0.0.6,2014-01-29,50,Gordon's Demo system
70,121,7.2.0,2010-09-20,58,With New RG. Unknown status at FTI Boulder.
13,122,11.0.0-2.0,2019-06-28,49,
48,122,5.0.0,2019-04-03,53,
22,122,7.0.0,2017-05-08,53,
32,122,8.0.3,2015-09-22,53,
43,122,7.0.2,2015-02-03,50,
70,122,7.0.0,2010-05-24,50,
30,122,6.0.0.0.14,,53,
48,123,5.0.0,2019-05-01,49,
22,123,7.0.0,2017-05-08,53,
32,123,8.0.3,2015-09-22,53,
43,123,7.0.2,2015-02-03,50,
20,123,8.0.0,2010-08-09,50,
13,123,11.0.0-2.0,,54,
30,123,6.0.0.0.14,,53,
48,124,5.0.0,2019-05-01,50,Sent to SAE for destruction
22,124,7.0.0,2017-05-16,50,
32,124,8.0.3,2015-09-22,53,
43,124,7.0.2,2015-02-03,53,
30,124,6.0.0.0.6,2013-11-11,50,
20,124,8.0.0.0,2010-08-03,53,
13,124,11.0.0-2.0,,54,
48,125,5.0.0,2019-05-06,49,
22,125,7.0.0,2017-05-16,53,
32,125,8.0.2,2015-10-27,53,
43,125,7.0.2,2015-02-03,53,
30,125,6.0.0.0.14,2013-10-31,50,
20,125,8.0.2.0,2011-11-01,50,
13,125,11.0.0-2.0,,54,
48,126,5.0.0,2019-05-10,54,all channels unresponsive to R59 modifications (positive)
22,126,7.0.1-1.0.0.0,2017-09-28,53,
32,126,8.0.2,2015-11-19,50,
43,126,7.0.2,2015-02-03,50,
30,126,6.0.0.0.14,2014-04-30,50,
20,126,8.0.1,2010-09-03,53,
13,126,11.0.0-2.0,,54,
48,127,5.0.0,2019-05-13,54,all channels pos & ch1 negative unresponsive to R mods
22,127,7.0.1-1.0.0.0,2018-01-05,52,
32,127,8.0.2,2015-11-20,50,
43,127,7.0.2,2015-02-03,50,
20,127,8.0.1,2010-08-20,58,
13,127,11.0.0-2.0,,54,
30,127,6.0.0.0.14,,53,
48,128,5.0.0,2019-05-13,54,fails CMRR current clamp all channels
22,128,7.0.1-1.0.0.0,2018-01-05,50,Was in CEA A201-061617
32,128,8.0.2,2015-11-20,50,
43,128,7.0.2,2015-02-03,50,
20,128,8.0.2,2011-07-07,50,
13,128,11.0.0-2.0,,54,
30,128,6.0.0.0.14,,53,
48,129,5.0.0,2019-05-13,50,
22,129,7.0.1-1.0.0.0,2018-01-05,53,
32,129,8.0.2,2015-12-03,50,
43,129,7.0.2,2015-02-03,53,
20,129,8.0.1,2010-08-31,53,
13,129,11.0.0-2.0,,54,
30,129,6.0.0.0.14,,53,
48,130,5.0.0,2019-05-13,54,"ch1,ch2,ch3 unresponsive to R63 modifications (negative)"
22,130,7.0.1-1.0.0.0,2018-06-06,50,
32,130,8.0.2,2015-12-03,50,
43,130,7.0.2,2015-02-03,53,
30,130,6.1.0.30.14,2014-02-11,50,
20,130,8.0.2.1,2011-05-13,50,
13,130,11.0.0-2.0,,54,
48,131,5.0.0,2019-05-24,54,Powers up. Can't program EPROM.
22,131,7.0.1-1.0.0.0,2018-06-06,53,
32,131,8.0.2,2016-09-07,50,
43,131,7.0.2,2015-02-03,53,
30,131,6.1.0-0.6.0.0,2014-09-05,53,
70,131,7.0.1,2010-08-31,50,
48,132,5.0.0,2019-05-28,49,"Power failure, Solder short on Q22.  Q22, Q21 and R192 replaced"
22,132,7.0.1-1.0.0.0,2018-06-06,53,
32,132,8.0.2,2016-09-07,50,
43,132,7.0.2,2015-06-23,50,
30,132,6.1.0-0.6.0.0,2014-09-05,53,
70,132,7.2.0,2010-09-25,50,
22,133,7.0.1-1.0.0.0,2018-06-06,50,
32,133,8.0.2,2016-09-07,50,
43,133,7.0.2,2015-06-23,53,
30,133,6.1.0-0.6.0.0,2014-09-05,50,
20,133,8.0.1,2010-08-31,53,
22,134,7.0.1-1.0.0.0,2018-06-06,50,
32,134,8.0.2,2016-09-07,53,
43,134,7.0.2,2015-06-23,50,
30,134,6.1.0-0.6.0.0,2014-09-05,53,
22,135,7.0.1-1.0.0.0,2018-06-06,53,
32,135,8.0.2,2016-09-07,50,
43,135,7.0.2,2015-06-23,50,
30,135,6.1.0-0.6.0.0,2014-09-05,53,
20,135,8.0.1.1 ,2010-09-15,50,
22,136,7.0.1-1.0.0.0,2018-06-06,50,
32,136,8.0.2,2016-12-02,53,
43,136,7.0.2,2015-06-23,53,
30,136,6.1.0-0.6.0.0,2014-10-31,50,
70,136,7.2.0,2010-11-24,50,
22,137,7.0.1-1.0.0.0,2018-06-06,53,
32,137,8.0.2,2016-12-02,53,
43,137,7.0.2,2015-06-23,53,
30,137,6.1.0-0.6.0.0,2014-10-31,50,
22,138,7.0.1-1.0.0.0,2018-06-06,50,
32,138,8.0.2,2016-12-02,58,
43,138,7.0.2,2015-06-23,50,
30,138,6.1.0-0.6.0.0,2014-10-31,53,
70,138,7.2.0,2010-09-03,50,
22,139,7.0.1-1.0.0.0,2018-06-06,53,
32,139,8.0.2,2016-12-02,50,
43,139,7.0.2,2015-06-23,53,
30,139,6.1.0-0.6.0.0,2014-10-31,53,
70,139,7.0.0,,58,
22,140,7.0.1-1.0.0.0,2018-06-06,52,A220-012419 Hirex. 2 possible SN140
32,140,8.0.2,2016-12-02,53,
43,140,7.0.2,2015-06-23,53,
30,140,6.1.0-0.6.0.0,2014-10-31,53,
20,140,8.0.0,,53,Unknown status
22,141,7.0.1-1.0.0.0,2018-06-06,50,
32,141,8.0.2,2017-03-31,50,
43,141,7.0.2,2015-06-23,50,
20,141,8.0.2.1,2010-09-25,50,
30,141,6.1.2-0.6.0,,53,
22,142,7.0.1-1.0.0.0,2018-06-06,50,
32,142,8.0.2,2017-03-31,50,
43,142,7.0.2,2016-11-02,50,
20,142,8.0.2,2012-02-23,50,
30,142,6.1.2-0.6.0,,53,
22,143,7.0.1-1.0.0.0,2018-06-06,53,
32,143,8.0.2,2017-03-31,50,
43,143,7.0.2,2016-11-03,53,
70,143,7.2.2,2010-10-18,50,
30,143,6.1.2-0.6.0,,50,
22,144,7.0.1-1.0.0.0,2019-02-12,50,
32,144,8.0.2,2017-03-31,50,
43,144,7.0.2,2016-11-03,50,
20,144,8.0.2.2,2010-10-18,50,
30,144,6.1.2-0.6.0,,50,
22,145,7.0.1-1.0.0.0,2019-02-12,50,
32,145,8.0.2,2017-03-31,53,
43,145,7.0.2,2016-11-03,50,
20,145,8.0.2.0,2010-11-30,50,
30,145,6.1.2-0.6.0,,53,
22,146,7.0.1-1.0.0.0,2019-02-15,53,
32,146,8.0.2,2017-06-21,53,
43,146,7.0.2,2016-11-03,53,
30,146,6.1.3-0.6.0,2015-06-18,51,
20,146,8.0.0,,58,
22,147,7.0.1-1.0.0.0,2019-04-04,50,"Shipping to Manilla, needs to be fully brought up."
32,147,8.0.2,2017-09-20,53,
43,147,7.0.2,2016-11-22,50,
30,147,6.1.2-0.6.0,2015-06-18,51,
20,147,8.0.2.0,2010-12-01,50,"Checked out with TBOM,Diag,Rework"
22,148,7.0.1-1.0.0.0,2019-04-04,50,"Shipping to Manilla, needs to be fully brought up."
32,148,8.0.2,2017-09-20,53,
43,148,7.0.2,2016-12-02,53,
30,148,6.1.2-0.6.0,2015-06-18,53,
20,148,8.0.0.2,2011-06-24,50,"Sent with DVSD 004, THM 009"
22,149,7.0.1-1.0.0.0,2019-04-04,50,"Shipping to Manilla, needs to be fully brought up."
32,149,8.0.2,2017-09-20,50,
43,149,7.0.2,2016-12-02,50,Was in an ASE system
30,149,6.1.2-0.6.0,2015-07-15,53,
70,149,7.4.0.0.0,2011-01-11,50,Replacing System # A104-100701 (replace mobo 108)
22,150,7.0.1-1.0.0.0,2019-04-16,50,Digitizer board shipped to Manila without S/N and revision number
32,150,8.0.2,2017-09-20,50,
43,150,7.0.2,2016-12-16,50,
30,150,6.1.2-0.6.0,2015-07-15,53,
22,151,7.0.1-1.0.0.0,2019-04-17,54,
32,151,8.0.2,2017-09-20,52,
43,151,7.0.2,2016-12-16,50,
30,151,6.1.2-0.6.0.0,2015-09-23,53,
20,151,8.5.1.4.0.0.0,2012-12-31,50,
22,152,7.0.1-1.0.0.0,2019-04-17,49,
32,152,8.0.2,2017-10-12,53,
43,152,7.0.2,2017-06-27,50,
30,152,6.1.2-0.6.0.0,2015-09-23,50,
20,152,8,2012-07-30,50,Microsemi System exchange return
22,153,7.0.1-1.0.0.0,2019-04-22,50,
32,153,8.0.2,2017-10-13,53,
43,153,7.0.2,2017-06-27,50,
30,153,6.1.2-0.6.0.0,2015-09-23,50,
22,154,7.0.1-1.0.0.0,2019-04-23,49,
32,154,8.0.2,2017-10-13,50,
43,154,7.0.2,2017-06-27,53,
30,154,6.1.3-0.6.0.0,2015-09-24,50,
70,154,7.4.1,2011-02-25,50,
22,155,7.0.1-1.0.0.0,2019-04-24,54,
32,155,8.0.2,2017-10-13,50,
43,155,7.0.2,2017-07-14,53,
30,155,6.1.2-0.6.0.0,2015-09-24,58,
22,156,7.0.1-1.0.0.0,2019-04-24,50,
32,156,8.0.2,2017-10-13,53,
43,156,7.0.2,2017-07-14,53,
30,156,6.1.2-0.6.0.0,2015-09-24,53,
22,157,7.0.1-1.0.0.0,2019-04-24,49,
32,157,8.0.2,2018-03-16,53,
43,157,7.0.2,2017-07-14,53,
30,157,6.1.3-0.6.0.0,2016-01-15,51,
22,158,7.0.1-1.0.0.0,2019-04-24,54,
32,158,8.0.2,2018-04-13,50,
43,158,7.0.2,2017-07-14,50,
30,158,6.1.3-0.6.0.0,2016-01-15,53,
22,159,7.0.1-1.0.0.0,2019-04-24,49,
32,159,8.0.2,2018-09-26,50,
43,159,7.0.2,2017-07-14,50,
30,159,6.1.3-0.6.0.0,2016-01-15,53,
22,160,7.0.1-1.0.0.0,2019-04-24,49,
32,160,8.0.2,2018-09-26,50,
43,160,7.0.2,2017-07-14,53,
32,161,8.0.2,2018-10-03,50,Spare
43,161,7.0.2,2017-07-14,53,
32,162,8.0.2,2018-10-25,52,
43,162,7.0.2,2017-10-17,50,
32,163,8.0.2,2018-11-09,49,
43,163,7.0.2,2017-11-09,53,
32,164,8.0.2,2018-11-09,50,
43,164,7.0.2,2017-11-09,50,
93,164,2.0.0,,52,
32,165,8.0.2,2018-11-09,50,Spare
43,165,7.0.2,2017-11-09,50,
30,165,6.1.3-0.6.0.0,2016-07-20,53,
20,165,8.0.0,2011-08-20,58,
32,166,8.0.2,2018-11-09,53,
43,166,7.0.2,2017-11-13,50,Used as backup for USCI Philippines
30,166,6.1.3-0.6.0.0,2016-08-10,53,
32,167,8.0.2,2019-01-02,50,
43,167,7.0.2,2017-11-13,50,
30,167,6.1.3-0.6.0.0,2016-08-10,50,
32,168,8.0.2,2019-02-19,50,
43,168,7.0.2,2017-11-13,50,
30,168,6.1.3-0.6.0.0,2016-08-10,52,Navitas Return
20,168,,2011-10-06,50,
32,169,8.0.2,2019-02-19,50,
43,169,7.0.2,2017-11-13,50,
30,169,6.1.3-0.6.0.0,2016-08-10,53,
20,169,8.0.2.2.0.0.0,2011-09-09,50,
30,170,6.1.3-0.6.0.0,2019-04-05,50,
32,170,8.0.2,2019-02-19,53,
43,170,7.0.2,2017-11-13,50,
20,170,8.4.0.0.0.0,2012-07-18,50,Shipped with Nano 089
32,171,8.0.2,2019-02-19,53,
43,171,7.0.2,2017-12-29,50,
30,171,6.1.3-0.6.0.0,2016-06-21,53,
20,171,8.0.2.1,2011-09-23,50,Ready for QVI
32,172,8.0.2,2019-02-20,50,
43,172,7.0.2,2018-12-20,53,
30,172,6.1.3-0.6.0.0,2016-06-21,58,
20,172,8.0.0,,58,
32,173,8.0.2,2019-02-20,51,Fails to cal 120v range
43,173,7.0.2,2018-12-26,51,0.1uF Caps blew up and damaged the board.  Being used for 51
30,173,6.1.3-0.6.0.0,2016-06-21,53,
32,174,8.0.2,2019-02-20,53,
43,174,7.0.2,2018-12-26,49,
30,174,6.1.3-0.6.0.0,2016-06-21,51,Fails Tbomb sometimes
32,175,8.0.2,2019-02-20,53,
43,175,7.0.2,2018-12-26,52,
31,175,7.0.0-0.6.0.0,2017-02-28,50,
32,176,8.0.2,2019-02-20,50,
43,176,7.0.2,2018-12-26,53,
31,176,7.0.0-0.6.0.0,2017-02-28,53,
32,177,8.0.2,2019-04-26,49,
43,177,7.0.2,2018-12-26,49,
31,177,7.0.0-0.6.0.0,2017-03-30,50,
32,178,8.0.2,2019-05-17,54,Need to fix the switiching circuit
43,178,7.0.2,2018-12-26,53,
31,178,7.0.0-0.6.0.0,2017-03-30,50,
32,179,8.0.2,2019-05-17,54,Fails HV_1200V setup check
43,179,7.0.2,2018-12-26,50,
31,179,7.0.0-0.6.0.0,2017-03-30,53,
32,180,8.0.2,2019-05-17,49,
43,180,7.0.2,2018-12-26,53,
31,180,7.0.0-0.6.0.0,2017-03-30,50,
32,181,8.0.2,2019-05-17,50,
43,181,7.0.2,2018-12-26,50,
31,181,7.0.0-0.6.0.0,2017-03-30,53,
70,181,7.4.1,2012-02-23,50,
32,182,8.0.2,2019-05-17,49,
43,182,7.0.2,2019-04-30,49,
31,182,7.0.0-0.6.0.0,2017-03-30,50,
32,183,8.0.2,2019-05-17,54,Fails HV_1200V setup check
43,183,7.0.2,2019-04-30,49,
31,183,7.0.0-0.6.0.0,2017-03-30,53,
32,184,8.0.2,2019-05-17,49,
43,184,7.0.2,2019-04-30,54,Fails -1V VForce Offset
31,184,7.0.0-0.6.0.0,2017-03-30,53,
32,185,8.0.2,2019-05-17,50,
43,185,7.0.2,2019-04-30,49,
31,185,7.0.0-0.6.0.0,2017-07-26,53,
32,186,8.0.2,2019-05-17,49,
43,186,7.0.2,2019-04-30,49,
31,186,7.0.0-0.6.0.0,2017-07-26,53,
43,187,7.0.2,2019-04-30,49,
31,187,7.0.0-0.6.0.0,2017-07-26,53,
43,188,7.0.2,2019-04-30,49,
31,188,7.0.0-0.6.0.0,2017-07-26,53,
43,189,7.0.2,2019-04-30,50,
31,189,7.0.0-0.6.0.0,2017-07-26,50,
93,189,2.0.0,,51,Going to gordon / mike
43,190,7.0.2,2019-04-30,49,
31,190,7.0.0-0.6.0.0,2017-07-26,53,
43,191,7.0.2,2019-04-30,49,
31,191,7.0.0-0.6.0.0,2017-07-26,53,
31,192,7.0.0-0.6.0.0,2017-07-26,53,
93,192,3.1.2,2013-03-29,50,Sent with QVI 24
31,193,7.0.0-0.6.0.0,2017-07-26,53,
93,193,3.1.1,,51,Believed to be 51 good.
31,194,7.0.0-0.6.0.0,2017-07-26,50,
31,195,7.0.0-0.6.0.0,2017-07-26,53,
31,196,7.0.0-0.6.0.0,2017-11-20,50,
31,197,7.0.0-0.6.0.0,2017-11-21,50,
31,198,7.0.0-0.6.0.0,2017-11-21,50,
31,199,7.0.0-0.6.0.0,2017-11-21,50,
31,200,7.0.0-0.6.0.0,2017-11-21,50,
31,201,7.0.0-0.6.0.0,2017-11-21,50,
31,202,7.0.0-0.6.0.0,2017-11-21,50,
31,203,7.0.0-0.6.0.0,2017-11-21,50,
31,204,7.0.0-0.6.0.0,2017-11-21,53,
31,205,7.0.0-0.6.0.0,2017-11-21,53,
31,206,7.0.0-0.6.0.0,2018-09-26,53,
31,207,7.0.0-0.6.0.0,2018-10-12,50,Spare
20,207,8.5.0,2013-06-13,50,
31,208,7.0.0-0.6.0.0,2018-10-12,50,
70,208,7.4.3,2013-10-30,50,
31,209,7.0.0-0.6.0.0,2018-10-12,50,
70,209,7.4.3,2013-10-16,50,
31,210,7.0.0-0.6.0.0,2018-10-12,50,Spares
31,211,7.0.0-0.6.0.0,2018-12-28,50,
31,212,7.0.0-0.6.0.0,2018-12-28,50,
70,212,7.4.3,2013-10-16,50,
31,213,7.0.0-0.6.0.0,2019-01-08,49,
20,213,8.5.0,2013-10-16,50,
20,214,8.5.0,2019-02-21,50,Used as backup for USCI Philippines
31,214,7.0.0-0.6.0.0,2019-02-05,52,
31,215,7.0.0-0.6.0.0,2019-02-11,50,
20,215,8.5.0,2013-10-16,50,
31,216,7.0.0-0.6.0.0,2019-02-11,50,
20,216,8.5.0,2013-10-16,50,
31,217,7.0.0-0.6.0.0,2019-02-11,53,
20,217,8.5.0,2013-11-11,50,
31,218,7.0.0-0.6.0.0,2019-02-12,50,
20,218,8.5.0,2013-10-31,50,
31,219,7.0.0-0.6.0.0,2019-02-12,50,
31,220,7.0.0-0.6.0.0,2019-04-04,50,"Shipping to Manilla, needs to be fully brought up."
31,221,7.0.0-0.6.0.0,2019-04-22,49,
31,222,7.0.0-0.6.0.0,2019-04-23,54,Fails all IForce HP cal
70,222,7.4.3,2013-12-17,50,
31,223,7.0.0-0.6.0.0,2019-04-23,49,
20,223,8.5.0,2014-01-29,50,Gordon's Demo system
31,224,7.0.0-0.6.0.0,2019-04-23,50,
20,224,8.5.0,2013-12-17,50,
31,225,7.0.0-0.6.0.0,2019-04-23,49,
20,225,8.5.0.0.1,2014-02-11,50,
31,226,7.0.0-0.6.0.0,2019-04-29,50,
20,226,8.5.0,,53,
31,227,7.0.0-0.6.0.0,,54,Completely fails HP CAL
31,228,7.0.0-0.6.0.0,,50,
31,229,7.0.0-0.6.0.0,,50,Replacement for current HP & DC Board 06/07/2019
31,230,7.0.0-0.6.0.0,,49,
20,231,8.5.0-0.1.0.0,2019-06-10,50,
31,231,7.0.0-0.6.0.0,,49,
31,232,7.0.0-0.6.0.0,,49,
20,233,8.5.0,2016-02-19,58,
31,233,7.0.0-0.6.0.0,,48,Waiting for 80V cap
31,234,7.0.0-0.6.0.0,,48,Waiting for 80V cap
31,235,7.0.0-0.6.0.0,,48,Waiting for 80V cap
20,236,8.5.0,,58,
69,246,8.50.0 - 0.1.0.0,,58,
69,247,8.0.1,2016-04-29,50,
20,250,8.5.0,2016-11-14,50,
20,252,8.4.0,2015-01-08,50,
20,255,8.5.1,2015-12-17,50,
20,257,8.4.1,2017-03-15,50,
20,259,8.4,2015-04-30,50,
69,261,8.0.1-0.1.0.0,2019-05-13,52,
34,263,4.0.0,,52,Unknown status
12,268,10.0.0,2016-11-14,50,
12,269,10.0.0,,52,GPT return on label. Otherwise unknown status
11,272,9.1.0,,50,
11,273,9.2.0,2017-06-16,50,
20,275,8.5.1,2017-02-10,50,
20,277,8.5.1,2017-02-13,50,
34,278,"4.0.4 : 0,0,0,0",,50,
20,280,8.5.1,2017-04-03,50,
20,281,8.5.1,,51,
20,282,8.5.1,2017-04-15,50,
20,283,8.5.1,2017-06-16,50,
20,284,8.5.1,,50,
20,285,8.5.1,2017-07-06,50,
11,289,9.2.0,,52,Unknown status
21,292,9.0.0-4.3.0.0,,52,Fails DC Calboard
21,294,9.0.0.1.3.0.0,2018-04-13,50,
21,296,9.0.0-0.2.0.0,2018-04-13,50,
21,297,"9.0.0 : 1,3,0,0",2018-04-13,50,
20,298,8.19.1.1.3.0.0,2017-12-01,50,
20,299,8.19.1.1.3.0.0,2018-01-18,50,
34,300,"4.0.4 : 1,0,0,0",,50,
10,303,11.0.0,2018-04-13,50,
10,304,11.0.0,2018-01-18,50,
10,305,11.0.0,2018-01-18,50,
10,306,11.0.0,,53,
21,308,9.0.0,2018-04-13,50,It may read 311 in the eeprom
21,309,9.0.0,2018-06-06,50,
21,310,9.0.0,2018-06-06,53,
21,311,9.0.0,2018-06-06,53,
10,312,11.0.1,2018-06-06,50,
21,313,9.0.0,2018-06-06,53,
10,314,11.0.2,2018-12-18,50,
21,315,9.0.0,2018-09-17,50,
21,316,9.0.0,2018-09-26,50,
21,317,9.0.0-0.3.0.0,2018-10-01,50,
21,318,9.0.0,2018-10-01,50,
21,319,9.0.0-1.2.0.0,2018-12-11,50,
10,321,11.0.2,,52,KL231 arced. CC plugged in wrong. CC Charging Issues
10,322,11.0.2,2019-05-13,50,R182 upgraded to 8ohm 100W 
10,323,11.0.2,2019-02-21,50,
21,324,9.0.0-0.3.0.0,2019-02-12,50,
21,325,9.0.0-1.2.0.0,2019-02-12,50,
21,326,9.0.0-1.2.0.0,2019-02-12,50,
21,327,9.0.0-0.3.0.0,,53,
21,328,9.0.0-1.2.0.0,2019-06-07,50,Replacement for DC & HP (old board is failing DRDSon test)
21,329,9.0.0-1.2.0.0,2019-04-10,49,
21,330,9.0.0-1.2.0.0,2019-04-10,54,Some rework to repair broken traces - usb issues
21,331,9.0.0-1.2.0.0,2019-04-10,51,"Issues with Gate, Drain, Sense connections 10+ rework wires"
21,332,9.0.0-1.2.0.0,2019-04-10,51,Going to be sent to SAE to be cut up and analyzed.  Used for 200A testing. Fails ALL HP Mods: Tbomb 1mohm
21,333,9.0.0-1.2.0.0,2019-04-10,50,
10,334,11.0.3,2019-04-16,49,
10,335,11.0.3,2019-04-25,49,
21,336,9.0.0-0.3.0.0,,50,Sent to Philippines not brought up
21,337,9.0.0-1.2.0.0,,50,Sent to Philippines not brought up
21,338,9.0.0-1.2.0.0,,50,Sent to Philippines not brought up
21,339,9.0.0-1.2.0.0,,50,Sending Direct to Hana for Power Integrations
21,340,9.0.0-1.2.0.0,,49,
10,341,11.0.3,2019-04-16,49,
10,342,11.0.3,2019-04-16,54,
10,343,11.0.3,2019-04-25,49,
34,344,4.0.4,,54,
34,345,4.0.4,,54,
34,346,4.0.4,,54,
